"Movies_name","Movies_url","Movies_Amount","Movies_Genre","Movies_Metascore","Movies_Rating"
"The Shawshank Redemption","https://www.imdb.com/title/tt0111161/?ref_=adv_li_tt","$28.34M","Drama","80 Metascore","9.3"
"The Godfather","https://www.imdb.com/title/tt0068646/?ref_=adv_li_tt","$134.97M","Crime, Drama","100 Metascore","9.2"
"Joker","https://www.imdb.com/title/tt7286456/?ref_=adv_li_tt","","Crime, Drama, Thriller","58 Metascore","9.0"
"The Dark Knight","https://www.imdb.com/title/tt0468569/?ref_=adv_li_tt","$534.86M","Action, Crime, Drama","84 Metascore","9.0"
"The Godfather: Part II","https://www.imdb.com/title/tt0071562/?ref_=adv_li_tt","$57.30M","Crime, Drama","90 Metascore","9.0"
"The Lord of the Rings: The Return of the King","https://www.imdb.com/title/tt0167260/?ref_=adv_li_tt","$377.85M","Adventure, Drama, Fantasy","94 Metascore","8.9"
"Pulp Fiction","https://www.imdb.com/title/tt0110912/?ref_=adv_li_tt","$107.93M","Crime, Drama","94 Metascore","8.9"
"Schindler's List","https://www.imdb.com/title/tt0108052/?ref_=adv_li_tt","$96.90M","Biography, Drama, History","94 Metascore","8.9"
"12 Angry Men","https://www.imdb.com/title/tt0050083/?ref_=adv_li_tt","$4.36M","Drama","96 Metascore","8.9"
"Inception","https://www.imdb.com/title/tt1375666/?ref_=adv_li_tt","$292.58M","Action, Adventure, Sci-Fi","74 Metascore","8.8"
"Fight Club","https://www.imdb.com/title/tt0137523/?ref_=adv_li_tt","$37.03M","Drama","66 Metascore","8.8"
"The Lord of the Rings: The Fellowship of the Ring","https://www.imdb.com/title/tt0120737/?ref_=adv_li_tt","$315.54M","Adventure, Drama, Fantasy","92 Metascore","8.8"
"Forrest Gump","https://www.imdb.com/title/tt0109830/?ref_=adv_li_tt","$330.25M","Drama, Romance","82 Metascore","8.8"
"The Good, the Bad and the Ugly","https://www.imdb.com/title/tt0060196/?ref_=adv_li_tt","$6.10M","Western","90 Metascore","8.8"
"Drishyam","https://www.imdb.com/title/tt3417422/?ref_=adv_li_tt","","Crime, Drama, Thriller","","8.7"
"The Lord of the Rings: The Two Towers","https://www.imdb.com/title/tt0167261/?ref_=adv_li_tt","$342.55M","Adventure, Drama, Fantasy","87 Metascore","8.7"
"The Matrix","https://www.imdb.com/title/tt0133093/?ref_=adv_li_tt","$171.48M","Action, Sci-Fi","73 Metascore","8.7"
"Goodfellas","https://www.imdb.com/title/tt0099685/?ref_=adv_li_tt","$46.84M","Biography, Crime, Drama","89 Metascore","8.7"
"Star Wars: Episode V - The Empire Strikes Back","https://www.imdb.com/title/tt0080684/?ref_=adv_li_tt","$290.48M","Action, Adventure, Fantasy","82 Metascore","8.7"
"One Flew Over the Cuckoo's Nest","https://www.imdb.com/title/tt0073486/?ref_=adv_li_tt","$112.00M","Drama","83 Metascore","8.7"
"Harakiri","https://www.imdb.com/title/tt0056058/?ref_=adv_li_tt","","Drama, History","85 Metascore","8.7"
"Avengers: Endgame","https://www.imdb.com/title/tt4154796/?ref_=adv_li_tt","$858.37M","Action, Adventure, Sci-Fi","78 Metascore","8.6"
"Interstellar","https://www.imdb.com/title/tt0816692/?ref_=adv_li_tt","$188.02M","Adventure, Drama, Sci-Fi","74 Metascore","8.6"
"City of God","https://www.imdb.com/title/tt0317248/?ref_=adv_li_tt","$7.56M","Crime, Drama","79 Metascore","8.6"
"Spirited Away","https://www.imdb.com/title/tt0245429/?ref_=adv_li_tt","$10.06M","Animation, Adventure, Family","96 Metascore","8.6"
"Saving Private Ryan","https://www.imdb.com/title/tt0120815/?ref_=adv_li_tt","$216.54M","Drama, War","91 Metascore","8.6"
"The Green Mile","https://www.imdb.com/title/tt0120689/?ref_=adv_li_tt","$136.80M","Crime, Drama, Fantasy","61 Metascore","8.6"
"Life Is Beautiful","https://www.imdb.com/title/tt0118799/?ref_=adv_li_tt","$57.60M","Comedy, Drama, Romance","59 Metascore","8.6"
"Se7en","https://www.imdb.com/title/tt0114369/?ref_=adv_li_tt","$100.13M","Crime, Drama, Mystery","65 Metascore","8.6"
"The Silence of the Lambs","https://www.imdb.com/title/tt0102926/?ref_=adv_li_tt","$130.74M","Crime, Drama, Thriller","85 Metascore","8.6"
"Star Wars: Episode IV - A New Hope","https://www.imdb.com/title/tt0076759/?ref_=adv_li_tt","$322.74M","Action, Adventure, Fantasy","90 Metascore","8.6"
"Seven Samurai","https://www.imdb.com/title/tt0047478/?ref_=adv_li_tt","$0.27M","Adventure, Drama","98 Metascore","8.6"
"It's a Wonderful Life","https://www.imdb.com/title/tt0038650/?ref_=adv_li_tt","","Drama, Family, Fantasy","89 Metascore","8.6"
"Parasite","https://www.imdb.com/title/tt6751668/?ref_=adv_li_tt","","Comedy, Drama, Thriller","92 Metascore","8.5"
"Avengers: Infinity War","https://www.imdb.com/title/tt4154756/?ref_=adv_li_tt","$678.82M","Action, Adventure, Sci-Fi","68 Metascore","8.5"
"Whiplash","https://www.imdb.com/title/tt2582802/?ref_=adv_li_tt","$13.09M","Drama, Music","88 Metascore","8.5"
"The Intouchables","https://www.imdb.com/title/tt1675434/?ref_=adv_li_tt","$13.18M","Biography, Comedy, Drama","57 Metascore","8.5"
"The Prestige","https://www.imdb.com/title/tt0482571/?ref_=adv_li_tt","$53.09M","Drama, Mystery, Sci-Fi","66 Metascore","8.5"
"The Departed","https://www.imdb.com/title/tt0407887/?ref_=adv_li_tt","$132.38M","Crime, Drama, Thriller","85 Metascore","8.5"
"The Pianist","https://www.imdb.com/title/tt0253474/?ref_=adv_li_tt","$32.57M","Biography, Drama, Music","85 Metascore","8.5"
"Gladiator","https://www.imdb.com/title/tt0172495/?ref_=adv_li_tt","$187.71M","Action, Adventure, Drama","67 Metascore","8.5"
"American History X","https://www.imdb.com/title/tt0120586/?ref_=adv_li_tt","$6.72M","Drama","62 Metascore","8.5"
"The Usual Suspects","https://www.imdb.com/title/tt0114814/?ref_=adv_li_tt","$23.34M","Crime, Mystery, Thriller","77 Metascore","8.5"
"Léon: The Professional","https://www.imdb.com/title/tt0110413/?ref_=adv_li_tt","$19.50M","Action, Crime, Drama","64 Metascore","8.5"
"The Lion King","https://www.imdb.com/title/tt0110357/?ref_=adv_li_tt","$422.78M","Animation, Adventure, Drama","88 Metascore","8.5"
"Terminator 2: Judgment Day","https://www.imdb.com/title/tt0103064/?ref_=adv_li_tt","$204.84M","Action, Sci-Fi","75 Metascore","8.5"
"Cinema Paradiso","https://www.imdb.com/title/tt0095765/?ref_=adv_li_tt","$11.99M","Drama","80 Metascore","8.5"
"Grave of the Fireflies","https://www.imdb.com/title/tt0095327/?ref_=adv_li_tt","","Animation, Drama, War","","8.5"
"Back to the Future","https://www.imdb.com/title/tt0088763/?ref_=adv_li_tt","$210.61M","Adventure, Comedy, Sci-Fi","87 Metascore","8.5"
"Once Upon a Time in the West","https://www.imdb.com/title/tt0064116/?ref_=adv_li_tt","$5.32M","Western","80 Metascore","8.5"
"Psycho","https://www.imdb.com/title/tt0054215/?ref_=adv_li_tt","$32.00M","Horror, Mystery, Thriller","97 Metascore","8.5"
"Rear Window","https://www.imdb.com/title/tt0047396/?ref_=adv_li_tt","$36.76M","Mystery, Thriller","100 Metascore","8.5"
"Casablanca","https://www.imdb.com/title/tt0034583/?ref_=adv_li_tt","$1.02M","Drama, Romance, War","100 Metascore","8.5"
"The Great Dictator","https://www.imdb.com/title/tt0032553/?ref_=adv_li_tt","","Comedy, Drama, War","","8.5"
"Modern Times","https://www.imdb.com/title/tt0027977/?ref_=adv_li_tt","$0.16M","Comedy, Drama, Family","96 Metascore","8.5"
"City Lights","https://www.imdb.com/title/tt0021749/?ref_=adv_li_tt","$0.02M","Comedy, Drama, Romance","99 Metascore","8.5"
"Capernaum","https://www.imdb.com/title/tt8267604/?ref_=adv_li_tt","$1.66M","Drama","75 Metascore","8.4"
"Andhadhun","https://www.imdb.com/title/tt8108198/?ref_=adv_li_tt","$1.19M","Crime, Thriller","","8.4"
"Your Name.","https://www.imdb.com/title/tt5311514/?ref_=adv_li_tt","$5.02M","Animation, Drama, Fantasy","79 Metascore","8.4"
"Dangal","https://www.imdb.com/title/tt5074352/?ref_=adv_li_tt","$12.39M","Action, Biography, Drama","","8.4"
"Spider-Man: Into the Spider-Verse","https://www.imdb.com/title/tt4633694/?ref_=adv_li_tt","$190.24M","Animation, Action, Adventure","87 Metascore","8.4"
"Coco","https://www.imdb.com/title/tt2380307/?ref_=adv_li_tt","$209.73M","Animation, Adventure, Family","81 Metascore","8.4"
"Django Unchained","https://www.imdb.com/title/tt1853728/?ref_=adv_li_tt","$162.81M","Drama, Western","81 Metascore","8.4"
"The Dark Knight Rises","https://www.imdb.com/title/tt1345836/?ref_=adv_li_tt","$448.14M","Action, Thriller","78 Metascore","8.4"
"3 Idiots","https://www.imdb.com/title/tt1187043/?ref_=adv_li_tt","$6.53M","Comedy, Drama","67 Metascore","8.4"
"Like Stars on Earth","https://www.imdb.com/title/tt0986264/?ref_=adv_li_tt","$1.22M","Drama, Family","","8.4"
"WALL·E","https://www.imdb.com/title/tt0910970/?ref_=adv_li_tt","$223.81M","Animation, Adventure, Family","95 Metascore","8.4"
"The Lives of Others","https://www.imdb.com/title/tt0405094/?ref_=adv_li_tt","$11.29M","Drama, Thriller","89 Metascore","8.4"
"Oldboy","https://www.imdb.com/title/tt0364569/?ref_=adv_li_tt","$0.71M","Action, Drama, Mystery","77 Metascore","8.4"
"Memento","https://www.imdb.com/title/tt0209144/?ref_=adv_li_tt","$25.54M","Mystery, Thriller","80 Metascore","8.4"
"Princess Mononoke","https://www.imdb.com/title/tt0119698/?ref_=adv_li_tt","$2.38M","Animation, Adventure, Fantasy","76 Metascore","8.4"
"Aliens","https://www.imdb.com/title/tt0090605/?ref_=adv_li_tt","$85.16M","Action, Adventure, Sci-Fi","84 Metascore","8.4"
"Once Upon a Time in America","https://www.imdb.com/title/tt0087843/?ref_=adv_li_tt","$5.32M","Crime, Drama","","8.4"
"Raiders of the Lost Ark","https://www.imdb.com/title/tt0082971/?ref_=adv_li_tt","$248.16M","Action, Adventure","85 Metascore","8.4"
"The Shining","https://www.imdb.com/title/tt0081505/?ref_=adv_li_tt","$44.02M","Drama, Horror","66 Metascore","8.4"
"Apocalypse Now","https://www.imdb.com/title/tt0078788/?ref_=adv_li_tt","$83.47M","Drama, Mystery, War","94 Metascore","8.4"
"Alien","https://www.imdb.com/title/tt0078748/?ref_=adv_li_tt","$78.90M","Horror, Sci-Fi","89 Metascore","8.4"
"Dr. Strangelove or: How I Learned to Stop Worrying and Love the Bomb","https://www.imdb.com/title/tt0057012/?ref_=adv_li_tt","$0.28M","Comedy","97 Metascore","8.4"
"Witness for the Prosecution","https://www.imdb.com/title/tt0051201/?ref_=adv_li_tt","$8.18M","Crime, Drama, Film-Noir","","8.4"
"Paths of Glory","https://www.imdb.com/title/tt0050825/?ref_=adv_li_tt","","Drama, War","","8.4"
"Sunset Blvd.","https://www.imdb.com/title/tt0043014/?ref_=adv_li_tt","","Drama, Film-Noir","","8.4"
"Drishyam","https://www.imdb.com/title/tt4430212/?ref_=adv_li_tt","$0.74M","Crime, Drama, Mystery","","8.3"
"The Hunt","https://www.imdb.com/title/tt2106476/?ref_=adv_li_tt","$0.69M","Drama","77 Metascore","8.3"
"A Separation","https://www.imdb.com/title/tt1832382/?ref_=adv_li_tt","$7.10M","Drama, Thriller","95 Metascore","8.3"
"Incendies","https://www.imdb.com/title/tt1255953/?ref_=adv_li_tt","$6.86M","Drama, Mystery, War","80 Metascore","8.3"
"My Father and My Son","https://www.imdb.com/title/tt0476735/?ref_=adv_li_tt","","Drama, Family","","8.3"
"Toy Story 3","https://www.imdb.com/title/tt0435761/?ref_=adv_li_tt","$415.00M","Animation, Adventure, Comedy","92 Metascore","8.3"
"Inglourious Basterds","https://www.imdb.com/title/tt0361748/?ref_=adv_li_tt","$120.54M","Adventure, Drama, War","69 Metascore","8.3"
"Eternal Sunshine of the Spotless Mind","https://www.imdb.com/title/tt0338013/?ref_=adv_li_tt","$34.40M","Drama, Romance, Sci-Fi","89 Metascore","8.3"
"Amélie","https://www.imdb.com/title/tt0211915/?ref_=adv_li_tt","$33.23M","Comedy, Romance","69 Metascore","8.3"
"Snatch","https://www.imdb.com/title/tt0208092/?ref_=adv_li_tt","$30.33M","Comedy, Crime","55 Metascore","8.3"
"Requiem for a Dream","https://www.imdb.com/title/tt0180093/?ref_=adv_li_tt","$3.64M","Drama","68 Metascore","8.3"
"American Beauty","https://www.imdb.com/title/tt0169547/?ref_=adv_li_tt","$130.10M","Drama","86 Metascore","8.3"
"Good Will Hunting","https://www.imdb.com/title/tt0119217/?ref_=adv_li_tt","$138.43M","Drama, Romance","70 Metascore","8.3"
"Children of Heaven","https://www.imdb.com/title/tt0118849/?ref_=adv_li_tt","$0.93M","Drama, Family","","8.3"
"The Bandit","https://www.imdb.com/title/tt0116231/?ref_=adv_li_tt","","Crime, Drama, Thriller","","8.3"
"Toy Story","https://www.imdb.com/title/tt0114709/?ref_=adv_li_tt","$191.80M","Animation, Adventure, Comedy","95 Metascore","8.3"
"Braveheart","https://www.imdb.com/title/tt0112573/?ref_=adv_li_tt","$75.60M","Biography, Drama, History","68 Metascore","8.3"
"Reservoir Dogs","https://www.imdb.com/title/tt0105236/?ref_=adv_li_tt","$2.83M","Crime, Drama, Thriller","79 Metascore","8.3"
"Full Metal Jacket","https://www.imdb.com/title/tt0093058/?ref_=adv_li_tt","$46.36M","Drama, War","76 Metascore","8.3"
"Come and See","https://www.imdb.com/title/tt0091251/?ref_=adv_li_tt","","Drama, War","","8.3"
"Amadeus","https://www.imdb.com/title/tt0086879/?ref_=adv_li_tt","$51.97M","Biography, Drama, History","88 Metascore","8.3"
"Scarface","https://www.imdb.com/title/tt0086250/?ref_=adv_li_tt","$45.60M","Crime, Drama","65 Metascore","8.3"
"Star Wars: Episode VI - Return of the Jedi","https://www.imdb.com/title/tt0086190/?ref_=adv_li_tt","$309.13M","Action, Adventure, Fantasy","58 Metascore","8.3"
"Das Boot","https://www.imdb.com/title/tt0082096/?ref_=adv_li_tt","$11.49M","Adventure, Drama, Thriller","86 Metascore","8.3"
"Taxi Driver","https://www.imdb.com/title/tt0075314/?ref_=adv_li_tt","$28.26M","Crime, Drama","94 Metascore","8.3"
"The Sting","https://www.imdb.com/title/tt0070735/?ref_=adv_li_tt","$159.60M","Comedy, Crime, Drama","83 Metascore","8.3"
"A Clockwork Orange","https://www.imdb.com/title/tt0066921/?ref_=adv_li_tt","","Crime, Drama, Sci-Fi","80 Metascore","8.3"
"2001: A Space Odyssey","https://www.imdb.com/title/tt0062622/?ref_=adv_li_tt","$56.95M","Adventure, Sci-Fi","82 Metascore","8.3"
"For a Few Dollars More","https://www.imdb.com/title/tt0059578/?ref_=adv_li_tt","$15.00M","Western","74 Metascore","8.3"
"To Kill a Mockingbird","https://www.imdb.com/title/tt0056592/?ref_=adv_li_tt","","Crime, Drama","88 Metascore","8.3"
"Lawrence of Arabia","https://www.imdb.com/title/tt0056172/?ref_=adv_li_tt","$44.82M","Adventure, Biography, Drama","100 Metascore","8.3"
"The Apartment","https://www.imdb.com/title/tt0053604/?ref_=adv_li_tt","$18.60M","Comedy, Drama, Romance","94 Metascore","8.3"
"North by Northwest","https://www.imdb.com/title/tt0053125/?ref_=adv_li_tt","$13.28M","Adventure, Mystery, Thriller","98 Metascore","8.3"
"Vertigo","https://www.imdb.com/title/tt0052357/?ref_=adv_li_tt","$3.20M","Mystery, Romance, Thriller","100 Metascore","8.3"
"Singin' in the Rain","https://www.imdb.com/title/tt0045152/?ref_=adv_li_tt","$8.82M","Comedy, Musical, Romance","99 Metascore","8.3"
"Ikiru","https://www.imdb.com/title/tt0044741/?ref_=adv_li_tt","$0.06M","Drama","","8.3"
"Bicycle Thieves","https://www.imdb.com/title/tt0040522/?ref_=adv_li_tt","$0.33M","Drama","","8.3"
"Double Indemnity","https://www.imdb.com/title/tt0036775/?ref_=adv_li_tt","$5.72M","Crime, Drama, Film-Noir","95 Metascore","8.3"
"Citizen Kane","https://www.imdb.com/title/tt0033467/?ref_=adv_li_tt","$1.59M","Drama, Mystery","100 Metascore","8.3"
"M","https://www.imdb.com/title/tt0022100/?ref_=adv_li_tt","$0.03M","Crime, Mystery, Thriller","","8.3"
"Metropolis","https://www.imdb.com/title/tt0017136/?ref_=adv_li_tt","$1.24M","Drama, Sci-Fi","98 Metascore","8.3"
"The Kid","https://www.imdb.com/title/tt0012349/?ref_=adv_li_tt","$5.45M","Comedy, Drama, Family","","8.3"
"Green Book","https://www.imdb.com/title/tt6966692/?ref_=adv_li_tt","$85.08M","Biography, Comedy, Drama","69 Metascore","8.2"
"Three Billboards Outside Ebbing, Missouri","https://www.imdb.com/title/tt5027774/?ref_=adv_li_tt","$54.51M","Crime, Drama","88 Metascore","8.2"
"Room","https://www.imdb.com/title/tt3170832/?ref_=adv_li_tt","$14.68M","Drama, Thriller","86 Metascore","8.2"
"PK","https://www.imdb.com/title/tt2338151/?ref_=adv_li_tt","$10.62M","Comedy, Drama, Fantasy","","8.2"
"Inside Out","https://www.imdb.com/title/tt2096673/?ref_=adv_li_tt","$356.46M","Animation, Adventure, Comedy","94 Metascore","8.2"
"Gangs of Wasseypur","https://www.imdb.com/title/tt1954470/?ref_=adv_li_tt","","Action, Comedy, Crime","89 Metascore","8.2"
"The Secret in Their Eyes","https://www.imdb.com/title/tt1305806/?ref_=adv_li_tt","$6.39M","Drama, Mystery, Romance","80 Metascore","8.2"
"Warrior","https://www.imdb.com/title/tt1291584/?ref_=adv_li_tt","$13.66M","Drama, Sport","71 Metascore","8.2"
"Up","https://www.imdb.com/title/tt1049413/?ref_=adv_li_tt","$293.00M","Animation, Adventure, Comedy","88 Metascore","8.2"
"The Wolf of Wall Street","https://www.imdb.com/title/tt0993846/?ref_=adv_li_tt","$116.90M","Biography, Crime, Drama","75 Metascore","8.2"
"Pan's Labyrinth","https://www.imdb.com/title/tt0457430/?ref_=adv_li_tt","$37.63M","Drama, Fantasy, War","98 Metascore","8.2"
"V for Vendetta","https://www.imdb.com/title/tt0434409/?ref_=adv_li_tt","$70.51M","Action, Drama, Sci-Fi","62 Metascore","8.2"
"Rang De Basanti","https://www.imdb.com/title/tt0405508/?ref_=adv_li_tt","$2.20M","Comedy, Drama","","8.2"
"Munna Bhai M.B.B.S.","https://www.imdb.com/title/tt0374887/?ref_=adv_li_tt","","Comedy, Drama, Musical","","8.2"
"Batman Begins","https://www.imdb.com/title/tt0372784/?ref_=adv_li_tt","$206.85M","Action, Adventure","70 Metascore","8.2"
"Swades","https://www.imdb.com/title/tt0367110/?ref_=adv_li_tt","$1.22M","Drama","","8.2"
"Downfall","https://www.imdb.com/title/tt0363163/?ref_=adv_li_tt","$5.51M","Biography, Drama, History","82 Metascore","8.2"
"Howl's Moving Castle","https://www.imdb.com/title/tt0347149/?ref_=adv_li_tt","$4.71M","Animation, Adventure, Family","80 Metascore","8.2"
"A Beautiful Mind","https://www.imdb.com/title/tt0268978/?ref_=adv_li_tt","$170.74M","Biography, Drama","72 Metascore","8.2"
"Hera Pheri","https://www.imdb.com/title/tt0242519/?ref_=adv_li_tt","","Action, Comedy, Crime","","8.2"
"Lock, Stock and Two Smoking Barrels","https://www.imdb.com/title/tt0120735/?ref_=adv_li_tt","$3.90M","Comedy, Crime","66 Metascore","8.2"
"L.A. Confidential","https://www.imdb.com/title/tt0119488/?ref_=adv_li_tt","$64.62M","Crime, Drama, Mystery","90 Metascore","8.2"
"Heat","https://www.imdb.com/title/tt0113277/?ref_=adv_li_tt","$67.44M","Crime, Drama, Thriller","76 Metascore","8.2"
"Casino","https://www.imdb.com/title/tt0112641/?ref_=adv_li_tt","$42.44M","Crime, Drama","73 Metascore","8.2"
"Unforgiven","https://www.imdb.com/title/tt0105695/?ref_=adv_li_tt","$101.16M","Drama, Western","85 Metascore","8.2"
"Indiana Jones and the Last Crusade","https://www.imdb.com/title/tt0097576/?ref_=adv_li_tt","$197.17M","Action, Adventure","65 Metascore","8.2"
"My Neighbor Totoro","https://www.imdb.com/title/tt0096283/?ref_=adv_li_tt","$1.11M","Animation, Family, Fantasy","86 Metascore","8.2"
"Die Hard","https://www.imdb.com/title/tt0095016/?ref_=adv_li_tt","$83.01M","Action, Thriller","72 Metascore","8.2"
"Ran","https://www.imdb.com/title/tt0089881/?ref_=adv_li_tt","$3.52M","Action, Drama","96 Metascore","8.2"
"Raging Bull","https://www.imdb.com/title/tt0081398/?ref_=adv_li_tt","$23.38M","Biography, Drama, Sport","89 Metascore","8.2"
"Stalker","https://www.imdb.com/title/tt0079944/?ref_=adv_li_tt","$0.23M","Drama, Sci-Fi","","8.2"
"Monty Python and the Holy Grail","https://www.imdb.com/title/tt0071853/?ref_=adv_li_tt","$1.23M","Adventure, Comedy, Fantasy","93 Metascore","8.2"
"Chinatown","https://www.imdb.com/title/tt0071315/?ref_=adv_li_tt","$29.20M","Drama, Mystery, Thriller","92 Metascore","8.2"
"Andrei Rublev","https://www.imdb.com/title/tt0060107/?ref_=adv_li_tt","$0.10M","Biography, Drama, History","","8.2"
"The Great Escape","https://www.imdb.com/title/tt0057115/?ref_=adv_li_tt","$12.10M","Adventure, Drama, History","87 Metascore","8.2"
"The Exterminating Angel","https://www.imdb.com/title/tt0056732/?ref_=adv_li_tt","","Drama, Fantasy","","8.2"
"Yojimbo","https://www.imdb.com/title/tt0055630/?ref_=adv_li_tt","","Action, Comedy, Crime","","8.2"
"Judgment at Nuremberg","https://www.imdb.com/title/tt0055031/?ref_=adv_li_tt","","Drama, War","60 Metascore","8.2"
"Some Like It Hot","https://www.imdb.com/title/tt0053291/?ref_=adv_li_tt","$25.00M","Comedy, Music, Romance","97 Metascore","8.2"
"Wild Strawberries","https://www.imdb.com/title/tt0050986/?ref_=adv_li_tt","","Drama, Romance","","8.2"
"The Seventh Seal","https://www.imdb.com/title/tt0050976/?ref_=adv_li_tt","","Drama, Fantasy","","8.2"
"Dial M for Murder","https://www.imdb.com/title/tt0046912/?ref_=adv_li_tt","$0.01M","Crime, Thriller","75 Metascore","8.2"
"Tokyo Story","https://www.imdb.com/title/tt0046438/?ref_=adv_li_tt","","Drama","","8.2"
"Ace in the Hole","https://www.imdb.com/title/tt0043338/?ref_=adv_li_tt","$3.97M","Drama, Film-Noir","72 Metascore","8.2"
"Rashomon","https://www.imdb.com/title/tt0042876/?ref_=adv_li_tt","$0.10M","Crime, Drama, Mystery","98 Metascore","8.2"
"All About Eve","https://www.imdb.com/title/tt0042192/?ref_=adv_li_tt","$0.01M","Drama","98 Metascore","8.2"
"White Heat","https://www.imdb.com/title/tt0042041/?ref_=adv_li_tt","","Action, Crime, Drama","","8.2"
"The Treasure of the Sierra Madre","https://www.imdb.com/title/tt0040897/?ref_=adv_li_tt","$5.01M","Adventure, Drama, Western","98 Metascore","8.2"
"The Red Shoes","https://www.imdb.com/title/tt0040725/?ref_=adv_li_tt","$10.90M","Drama, Music, Romance","","8.2"
"The Passion of Joan of Arc","https://www.imdb.com/title/tt0019254/?ref_=adv_li_tt","$0.02M","Biography, Drama, History","","8.2"
"The Gold Rush","https://www.imdb.com/title/tt0015864/?ref_=adv_li_tt","$5.45M","Adventure, Comedy, Drama","","8.2"
"Sherlock Jr.","https://www.imdb.com/title/tt0015324/?ref_=adv_li_tt","$0.98M","Action, Comedy, Romance","","8.2"
"The Handmaiden","https://www.imdb.com/title/tt4016934/?ref_=adv_li_tt","$2.01M","Drama, Romance, Thriller","84 Metascore","8.1"
"Logan","https://www.imdb.com/title/tt3315342/?ref_=adv_li_tt","$226.28M","Action, Drama, Sci-Fi","77 Metascore","8.1"
"Wild Tales","https://www.imdb.com/title/tt3011894/?ref_=adv_li_tt","$3.11M","Comedy, Drama, Thriller","77 Metascore","8.1"
"The Grand Budapest Hotel","https://www.imdb.com/title/tt2278388/?ref_=adv_li_tt","$59.10M","Adventure, Comedy, Crime","88 Metascore","8.1"
"Gone Girl","https://www.imdb.com/title/tt2267998/?ref_=adv_li_tt","$167.77M","Drama, Mystery, Thriller","79 Metascore","8.1"
"Hacksaw Ridge","https://www.imdb.com/title/tt2119532/?ref_=adv_li_tt","$67.21M","Biography, Drama, History","71 Metascore","8.1"
"12 Years a Slave","https://www.imdb.com/title/tt2024544/?ref_=adv_li_tt","$56.67M","Biography, Drama, History","96 Metascore","8.1"
"Rush","https://www.imdb.com/title/tt1979320/?ref_=adv_li_tt","$26.95M","Biography, Drama, Sport","75 Metascore","8.1"
"Spotlight","https://www.imdb.com/title/tt1895587/?ref_=adv_li_tt","$45.06M","Biography, Crime, Drama","93 Metascore","8.1"
"The Help","https://www.imdb.com/title/tt1454029/?ref_=adv_li_tt","$169.71M","Drama","62 Metascore","8.1"
"Prisoners","https://www.imdb.com/title/tt1392214/?ref_=adv_li_tt","$61.00M","Crime, Drama, Mystery","74 Metascore","8.1"
"Mad Max: Fury Road","https://www.imdb.com/title/tt1392190/?ref_=adv_li_tt","$154.06M","Action, Adventure, Sci-Fi","90 Metascore","8.1"
"Gran Torino","https://www.imdb.com/title/tt1205489/?ref_=adv_li_tt","$148.10M","Drama","72 Metascore","8.1"
"Harry Potter and the Deathly Hallows: Part 2","https://www.imdb.com/title/tt1201607/?ref_=adv_li_tt","$381.01M","Adventure, Drama, Fantasy","87 Metascore","8.1"
"Shutter Island","https://www.imdb.com/title/tt1130884/?ref_=adv_li_tt","$128.01M","Mystery, Thriller","63 Metascore","8.1"
"Hachi: A Dog's Tale","https://www.imdb.com/title/tt1028532/?ref_=adv_li_tt","","Drama, Family","","8.1"
"Mary and Max","https://www.imdb.com/title/tt0978762/?ref_=adv_li_tt","","Animation, Comedy, Drama","","8.1"
"How to Train Your Dragon","https://www.imdb.com/title/tt0892769/?ref_=adv_li_tt","$217.58M","Animation, Action, Adventure","74 Metascore","8.1"
"Into the Wild","https://www.imdb.com/title/tt0758758/?ref_=adv_li_tt","$18.35M","Adventure, Biography, Drama","73 Metascore","8.1"
"No Country for Old Men","https://www.imdb.com/title/tt0477348/?ref_=adv_li_tt","$74.28M","Crime, Drama, Thriller","91 Metascore","8.1"
"There Will Be Blood","https://www.imdb.com/title/tt0469494/?ref_=adv_li_tt","$40.22M","Drama","93 Metascore","8.1"
"Million Dollar Baby","https://www.imdb.com/title/tt0405159/?ref_=adv_li_tt","$100.49M","Drama, Sport","86 Metascore","8.1"
"Hotel Rwanda","https://www.imdb.com/title/tt0395169/?ref_=adv_li_tt","$23.53M","Biography, Drama, History","79 Metascore","8.1"
"Memories of Murder","https://www.imdb.com/title/tt0353969/?ref_=adv_li_tt","$0.01M","Action, Crime, Drama","82 Metascore","8.1"
"Infernal Affairs","https://www.imdb.com/title/tt0338564/?ref_=adv_li_tt","$0.17M","Crime, Drama, Mystery","75 Metascore","8.1"
"Kill Bill: Vol. 1","https://www.imdb.com/title/tt0266697/?ref_=adv_li_tt","$70.10M","Action, Crime, Thriller","69 Metascore","8.1"
"Finding Nemo","https://www.imdb.com/title/tt0266543/?ref_=adv_li_tt","$380.84M","Animation, Adventure, Comedy","90 Metascore","8.1"
"Catch Me If You Can","https://www.imdb.com/title/tt0264464/?ref_=adv_li_tt","$164.62M","Biography, Crime, Drama","75 Metascore","8.1"
"Amores Perros","https://www.imdb.com/title/tt0245712/?ref_=adv_li_tt","$5.38M","Drama, Thriller","83 Metascore","8.1"
"Lagaan: Once Upon a Time in India","https://www.imdb.com/title/tt0169102/?ref_=adv_li_tt","$0.07M","Adventure, Drama, Musical","84 Metascore","8.1"
"The Sixth Sense","https://www.imdb.com/title/tt0167404/?ref_=adv_li_tt","$293.51M","Drama, Mystery, Thriller","64 Metascore","8.1"
"The Truman Show","https://www.imdb.com/title/tt0120382/?ref_=adv_li_tt","$125.62M","Comedy, Drama, Sci-Fi","90 Metascore","8.1"
"The Big Lebowski","https://www.imdb.com/title/tt0118715/?ref_=adv_li_tt","$17.50M","Comedy, Crime","71 Metascore","8.1"
"In the Mood for Love","https://www.imdb.com/title/tt0118694/?ref_=adv_li_tt","$2.73M","Drama, Romance","85 Metascore","8.1"
"Trainspotting","https://www.imdb.com/title/tt0117951/?ref_=adv_li_tt","$16.50M","Drama","83 Metascore","8.1"
"Fargo","https://www.imdb.com/title/tt0116282/?ref_=adv_li_tt","$24.61M","Crime, Drama, Thriller","85 Metascore","8.1"
"La Haine","https://www.imdb.com/title/tt0113247/?ref_=adv_li_tt","$0.31M","Crime, Drama","","8.1"
"Before Sunrise","https://www.imdb.com/title/tt0112471/?ref_=adv_li_tt","$5.54M","Drama, Romance","77 Metascore","8.1"
"Jurassic Park","https://www.imdb.com/title/tt0107290/?ref_=adv_li_tt","$402.45M","Action, Adventure, Sci-Fi","68 Metascore","8.1"
"In the Name of the Father","https://www.imdb.com/title/tt0107207/?ref_=adv_li_tt","$25.01M","Biography, Drama","84 Metascore","8.1"
"Dead Poets Society","https://www.imdb.com/title/tt0097165/?ref_=adv_li_tt","$95.86M","Comedy, Drama","79 Metascore","8.1"
"Akira","https://www.imdb.com/title/tt0094625/?ref_=adv_li_tt","$0.55M","Animation, Drama, Sci-Fi","","8.1"
"The Princess Bride","https://www.imdb.com/title/tt0093779/?ref_=adv_li_tt","$30.86M","Adventure, Family, Fantasy","77 Metascore","8.1"
"Stand by Me","https://www.imdb.com/title/tt0092005/?ref_=adv_li_tt","$52.29M","Adventure, Drama","75 Metascore","8.1"
"Platoon","https://www.imdb.com/title/tt0091763/?ref_=adv_li_tt","$138.53M","Drama, War","92 Metascore","8.1"
"Paris, Texas","https://www.imdb.com/title/tt0087884/?ref_=adv_li_tt","$2.18M","Drama","78 Metascore","8.1"
"Nausicaä of the Valley of the Wind","https://www.imdb.com/title/tt0087544/?ref_=adv_li_tt","$0.50M","Animation, Adventure, Fantasy","86 Metascore","8.1"
"The Thing","https://www.imdb.com/title/tt0084787/?ref_=adv_li_tt","$13.78M","Horror, Mystery, Sci-Fi","57 Metascore","8.1"
"Blade Runner","https://www.imdb.com/title/tt0083658/?ref_=adv_li_tt","$32.87M","Action, Sci-Fi, Thriller","89 Metascore","8.1"
"The Elephant Man","https://www.imdb.com/title/tt0080678/?ref_=adv_li_tt","","Biography, Drama","77 Metascore","8.1"
"Monty Python's Life of Brian","https://www.imdb.com/title/tt0079470/?ref_=adv_li_tt","$20.05M","Comedy","77 Metascore","8.1"
"The Deer Hunter","https://www.imdb.com/title/tt0077416/?ref_=adv_li_tt","$48.98M","Drama, War","86 Metascore","8.1"
"Rocky","https://www.imdb.com/title/tt0075148/?ref_=adv_li_tt","$117.24M","Drama, Sport","70 Metascore","8.1"
"Network","https://www.imdb.com/title/tt0074958/?ref_=adv_li_tt","","Drama","83 Metascore","8.1"
"Barry Lyndon","https://www.imdb.com/title/tt0072684/?ref_=adv_li_tt","","Adventure, Drama, History","89 Metascore","8.1"
"Cool Hand Luke","https://www.imdb.com/title/tt0061512/?ref_=adv_li_tt","","Crime, Drama","91 Metascore","8.1"
"Persona","https://www.imdb.com/title/tt0060827/?ref_=adv_li_tt","","Drama, Thriller","86 Metascore","8.1"
"The Battle of Algiers","https://www.imdb.com/title/tt0058946/?ref_=adv_li_tt","$0.06M","Drama, War","95 Metascore","8.1"
"The 400 Blows","https://www.imdb.com/title/tt0053198/?ref_=adv_li_tt","","Crime, Drama","","8.1"
"Ben-Hur","https://www.imdb.com/title/tt0052618/?ref_=adv_li_tt","$74.70M","Adventure, Drama, History","90 Metascore","8.1"
"The Bridge on the River Kwai","https://www.imdb.com/title/tt0050212/?ref_=adv_li_tt","$44.91M","Adventure, Drama, War","87 Metascore","8.1"
"On the Waterfront","https://www.imdb.com/title/tt0047296/?ref_=adv_li_tt","$9.60M","Crime, Drama, Thriller","91 Metascore","8.1"
"The Wages of Fear","https://www.imdb.com/title/tt0046268/?ref_=adv_li_tt","","Adventure, Drama, Thriller","","8.1"
"The Third Man","https://www.imdb.com/title/tt0041959/?ref_=adv_li_tt","$0.45M","Film-Noir, Mystery, Thriller","97 Metascore","8.1"
"Rebecca","https://www.imdb.com/title/tt0032976/?ref_=adv_li_tt","$4.36M","Drama, Mystery, Romance","","8.1"
"Mr. Smith Goes to Washington","https://www.imdb.com/title/tt0031679/?ref_=adv_li_tt","$9.60M","Comedy, Drama","73 Metascore","8.1"
"Gone with the Wind","https://www.imdb.com/title/tt0031381/?ref_=adv_li_tt","$198.68M","Drama, History, Romance","97 Metascore","8.1"
"It Happened One Night","https://www.imdb.com/title/tt0025316/?ref_=adv_li_tt","$4.36M","Comedy, Romance","87 Metascore","8.1"
"The General","https://www.imdb.com/title/tt0017925/?ref_=adv_li_tt","","Action, Adventure, Comedy","","8.1"
"Guardians of the Galaxy","https://www.imdb.com/title/tt2015381/?ref_=adv_li_tt","$333.18M","Action, Adventure, Comedy","76 Metascore","8.0"
"Before Sunset","https://www.imdb.com/title/tt0381681/?ref_=adv_li_tt","$5.82M","Drama, Romance","90 Metascore","8.0"
"Monsters, Inc.","https://www.imdb.com/title/tt0198781/?ref_=adv_li_tt","$289.92M","Animation, Adventure, Comedy","78 Metascore","8.0"
"Aladdin","https://www.imdb.com/title/tt0103639/?ref_=adv_li_tt","$217.35M","Animation, Adventure, Comedy","86 Metascore","8.0"
"The Terminator","https://www.imdb.com/title/tt0088247/?ref_=adv_li_tt","$38.40M","Action, Sci-Fi","84 Metascore","8.0"
"Butch Cassidy and the Sundance Kid","https://www.imdb.com/title/tt0064115/?ref_=adv_li_tt","$102.31M","Biography, Crime, Drama","66 Metascore","8.0"